PID,condition,kl,eventType,trial_ind,instrument,starttime,timestamp,duration,phase,request,target,targetWord,response,kidaction,grab,onebyone,count,group1,group2,group3,more,spontaneousCounting,right,logic,words,one,two,three,four,five,six,gi,zo,AND,bignumber,distracted,question,parent,prompt,other,comments,flagged
FL1,-,,auto,,accumulator,1723311292160,1723311293516,1356,GiveN,Can you put five fish on the plate?,5,five,,,,,1,,,,,,,,,,,,,,,,,,,,,,,,,
FL1,-,,auto,,accumulator,1723311292160,1723311293749,1589,GiveN,Can you put five fish on the plate?,5,five,,,,,1,1,,,,,,,,,,,,,,,,,,,,,,,,
FL1,-,,auto,,accumulator,1723311292160,1723311295184,3024,GiveN,Can you put five fish on the plate?,5,five,1,,,,2,1,,,,,,,,,,,,,,,,,,,,,,,,
FL1,-,,auto,,accumulator,1723311292160,1723311295430,3270,GiveN,Can you put five fish on the plate?,5,five,1,,,,2,2,,,,,,,,,,,,,,,,,,,,,,,,
FL1,-,,auto,,accumulator,1723311292160,1723311297315,5155,GiveN,Can you put five fish on the plate?,5,five,2,,,,3,2,,,,,,,,,,,,,,,,,,,,,,,,
FL1,-,,auto,,accumulator,1723311292160,1723311297655,5495,GiveN,Can you put five fish on the plate?,5,five,2,,,,3,3,,,,,,,,,,,,,,,,,,,,,,,,
FL1,-,,auto,,accumulator,1723311292160,1723311298987,6827,GiveN,Can you put five fish on the plate?,5,five,3,,,,4,3,,,,,,,,,,,,,,,,,,,,,,,,
FL1,-,,auto,,accumulator,1723311292160,1723311299803,7643,GiveN,Can you put five fish on the plate?,5,five,3,,,,4,4,,,,,,,,,,,,,,,,,,,,,,,,
FL1,-,,auto,,accumulator,1723311292160,1723311300501,8341,GiveN,Can you put five fish on the plate?,5,five,4,,,,5,4,,,,,,,,,,,,,,,,,,,,,,,,
FL1,-,,auto,,accumulator,1723311292160,1723311300792,8632,GiveN,Can you put five fish on the plate?,5,five,4,,,,5,5,,,,,,,,,,,,,,,,,,,,,,,,
FL1,-,,trial,,trialsubmit,1723311292160,1723311302402,10242,GiveN,Can you put five fish on the plate?,5,five,5,,,,5,5,,,,,,,,,,,,,,,,,,,,,,,,
FL1,-,,auto,,accumulator,1723311302443,1723311309291,6848,GiveN,Can you put six fish on the plate?,6,six,,,,,1,,,,,,,,,,,,,,,,,,,,,,,,,
FL1,-,,auto,,accumulator,1723311302443,1723311309488,7045,GiveN,Can you put six fish on the plate?,6,six,,,,,1,1,,,,,,,,,,,,,,,,,,,,,,,,
FL1,-,,auto,,accumulator,1723311302443,1723311309691,7248,GiveN,Can you put six fish on the plate?,6,six,1,,,,2,1,,,,,,,,,,,,,,,,,,,,,,,,
FL1,-,,auto,,accumulator,1723311302443,1723311309880,7437,GiveN,Can you put six fish on the plate?,6,six,1,,,,2,2,,,,,,,,,,,,,,,,,,,,,,,,
FL1,-,,auto,,accumulator,1723311302443,1723311310471,8028,GiveN,Can you put six fish on the plate?,6,six,2,,,,3,2,,,,,,,,,,,,,,,,,,,,,,,,
FL1,-,,auto,,accumulator,1723311302443,1723311310630,8187,GiveN,Can you put six fish on the plate?,6,six,2,,,,3,3,,,,,,,,,,,,,,,,,,,,,,,,
FL1,-,,auto,,accumulator,1723311302443,1723311311886,9443,GiveN,Can you put six fish on the plate?,6,six,3,,,,4,3,,,,,,,,,,,,,,,,,,,,,,,,
FL1,-,,auto,,accumulator,1723311302443,1723311312125,9682,GiveN,Can you put six fish on the plate?,6,six,3,,,,4,4,,,,,,,,,,,,,,,,,,,,,,,,
FL1,-,,auto,,accumulator,1723311302443,1723311315359,12916,GiveN,Can you put six fish on the plate?,6,six,4,,,,5,4,,,,,,,,,,,,,,,,,,,,,,,,
FL1,-,,auto,,accumulator,1723311302443,1723311315547,13104,GiveN,Can you put six fish on the plate?,6,six,4,,,,5,5,,,,,,,,,,,,,,,,,,,,,,,,
FL1,-,,auto,,accumulator,1723311302443,1723311317658,15215,GiveN,Can you put six fish on the plate?,6,six,5,,,,6,5,,,,,,,,,,,,,,,,,,,,,,,,
FL1,-,,auto,,accumulator,1723311302443,1723311318093,15650,GiveN,Can you put six fish on the plate?,6,six,5,,,,6,6,,,,,,,,,,,,,,,,,,,,,,,,
FL1,-,,trial,,trialsubmit,1723311302443,1723311330238,27795,GiveN,Can you put six fish on the plate?,6,six,6,,,,6,6,,,,,,,,,,,,,,,,,,,,,,,,
FL1,-,,auto,,accumulator,1723311330242,1723311331617,1375,GiveN,Can you put seven fish on the plate?,7,seven,,,,,1,,,,,,,,,,,,,,,,,,,,,,,,,
FL1,-,,auto,,undo,1723311330242,1723311333194,2952,GiveN,Can you put seven fish on the plate?,7,seven,,,,,,,,,,,,,,,,,,,,,,,,,,,,,,
FL1,-,,auto,,accumulator,1723311330242,1723311333577,3335,GiveN,Can you put seven fish on the plate?,7,seven,,,,1,,,,,,,,,,,,,,,,,,,,,,,,,,
FL1,-,,auto,,accumulator,1723311330242,1723311333878,3636,GiveN,Can you put seven fish on the plate?,7,seven,,,,1,,1,,,,,,,,,,,,,,,,,,,,,,,,
FL1,-,,auto,,accumulator,1723311330242,1723311334369,4127,GiveN,Can you put seven fish on the plate?,7,seven,1,,,2,,1,,,,,,,,,,,,,,,,,,,,,,,,
FL1,-,,auto,,accumulator,1723311330242,1723311334576,4334,GiveN,Can you put seven fish on the plate?,7,seven,1,,,2,,2,,,,,,,,,,,,,,,,,,,,,,,,
FL1,-,,auto,,accumulator,1723311330242,1723311334781,4539,GiveN,Can you put seven fish on the plate?,7,seven,2,,,3,,2,,,,,,,,,,,,,,,,,,,,,,,,
FL1,-,,auto,,accumulator,1723311330242,1723311334933,4691,GiveN,Can you put seven fish on the plate?,7,seven,2,,,3,,3,,,,,,,,,,,,,,,,,,,,,,,,
FL1,-,,auto,,accumulator,1723311330242,1723311336646,6404,GiveN,Can you put seven fish on the plate?,7,seven,3,,,4,,3,,,,,,,,,,,,,,,,,,,,,,,,
FL1,-,,auto,,accumulator,1723311330242,1723311336964,6722,GiveN,Can you put seven fish on the plate?,7,seven,3,,,4,,4,,,,,,,,,,,,,,,,,,,,,,,,
FL1,-,,auto,,accumulator,1723311330242,1723311338072,7830,GiveN,Can you put seven fish on the plate?,7,seven,4,,,5,,4,,,,,,,,,,,,,,,,,,,,,,,,
FL1,-,,auto,,accumulator,1723311330242,1723311338402,8160,GiveN,Can you put seven fish on the plate?,7,seven,4,,,5,,5,,,,,,,,,,,,,,,,,,,,,,,,
FL1,-,,auto,,accumulator,1723311330242,1723311340224,9982,GiveN,Can you put seven fish on the plate?,7,seven,5,,,6,,5,,,,,,,,,,,,,,,,,,,,,,,,
FL1,-,,auto,,accumulator,1723311330242,1723311340482,10240,GiveN,Can you put seven fish on the plate?,7,seven,5,,,6,,6,,,,,,,,,,,,,,,,,,,,,,,,
FL1,-,,auto,,accumulator,1723311330242,1723311342109,11867,GiveN,Can you put seven fish on the plate?,7,seven,6,,,7,,6,,,,,,,,,,,,,,,,,,,,,,,,
FL1,-,,auto,,accumulator,1723311330242,1723311342297,12055,GiveN,Can you put seven fish on the plate?,7,seven,6,,,7,,7,,,,,,,,,,,,,,,,,,,,,,,,
FL1,-,,trial,,trialsubmit,1723311330242,1723311343981,13739,GiveN,Can you put seven fish on the plate?,7,seven,7,,,7,,7,,,,,,,,,,,,,,,,,,,,,,,,
FL1,-,,auto,,accumulator,1723311343988,1723311388975,44987,Train,Now its your turn to make... zo bananas?,3,zo,,,1,,,,,,,,,,,,,,,,,,,,,,,,,,,
FL1,-,,auto,,accumulator,1723311343988,1723311389118,45130,Train,Now its your turn to make... zo bananas?,3,zo,,,2,,,,,,,,,,,,,,,,,,,,,,,,,,,
FL1,-,,auto,,accumulator,1723311343988,1723311389665,45677,Train,Now its your turn to make... zo bananas?,3,zo,,,3,,,,,,,,,,,,,,,,,,,,,,,,,,,
FL1,-,,auto,,accumulator,1723311343988,1723311390169,46181,Train,Now its your turn to make... zo bananas?,3,zo,,,3,,,1,,,,,,,,,,,,,,,,,,,,,,,,
FL1,-,,auto,,accumulator,1723311343988,1723311390322,46334,Train,Now its your turn to make... zo bananas?,3,zo,1,,3,,,2,,,,,,,,,,,,,,,,,,,,,,,,
FL1,-,,auto,,accumulator,1723311343988,1723311390462,46474,Train,Now its your turn to make... zo bananas?,3,zo,2,,3,,,3,,,,,,,,,,,,,,,,,,,,,,,,
FL1,-,,trial,,trialsubmit,1723311343988,1723311391589,47601,Train,Now its your turn to make... zo bananas?,3,zo,3,,3,,,3,,,,,,,,,,,,,,,,,,,,,,,,
FL1,-,,auto,1,accumulator,1723311391591,1723311400142,8551,Train,Now its your turn to make... gi banana?,1,gi,,,1,,,,,,,,,,,,,,,,,,,,,,,,,,,
FL1,-,,auto,1,accumulator,1723311391591,1723311400355,8764,Train,Now its your turn to make... gi banana?,1,gi,,,1,,,1,,,,,,,,,,,,,,,,,,,,,,,,
FL1,-,,trial,1,trialsubmit,1723311391591,1723311400822,9231,Train,Now its your turn to make... gi banana?,1,gi,1,,1,,,1,,,,,,,,,,,,,,,,,,,,,,,,
FL1,-,,auto,2,accumulator,1723311400825,1723311417826,17001,Train,How fast can you make... zo bananas?,3,zo,,,1,,,,,,,,,,,,,,,,,,,,,,,,,,,
FL1,-,,auto,2,accumulator,1723311400825,1723311417976,17151,Train,How fast can you make... zo bananas?,3,zo,,,2,,,,,,,,,,,,,,,,,,,,,,,,,,,
FL1,-,,auto,2,accumulator,1723311400825,1723311418110,17285,Train,How fast can you make... zo bananas?,3,zo,,,3,,,,,,,,,,,,,,,,,,,,,,,,,,,
FL1,-,,auto,2,accumulator,1723311400825,1723311418418,17593,Train,How fast can you make... zo bananas?,3,zo,,,3,,,1,,,,,,,,,,,,,,,,,,,,,,,,
FL1,-,,auto,2,accumulator,1723311400825,1723311418587,17762,Train,How fast can you make... zo bananas?,3,zo,1,,3,,,2,,,,,,,,,,,,,,,,,,,,,,,,
FL1,-,,auto,2,accumulator,1723311400825,1723311418729,17904,Train,How fast can you make... zo bananas?,3,zo,2,,3,,,3,,,,,,,,,,,,,,,,,,,,,,,,
FL1,-,,trial,2,trialsubmit,1723311400825,1723311419250,18425,Train,How fast can you make... zo bananas?,3,zo,3,,3,,,3,,,,,,,,,,,,,,,,,,,,,,,,
FL1,-,,auto,3,accumulator,1723311419252,1723311425441,6189,Train,How fast can you make... gi banana?,1,gi,,,1,,,,,,,,,,,,,,,,,,,,,,,,,,,
FL1,-,,auto,3,accumulator,1723311419252,1723311425645,6393,Train,How fast can you make... gi banana?,1,gi,,,1,,,1,,,,,,,,,,,,,,,,,,,,,,,,
FL1,-,,trial,3,trialsubmit,1723311419252,1723311426048,6796,Train,How fast can you make... gi banana?,1,gi,1,,1,,,1,,,,,,,,,,,,,,,,,,,,,,,,
FL1,-,,auto,4,accumulator,1723311426051,1723311430224,4173,Train,How fast can you make... zo bananas?,3,zo,,,1,,,,,,,,,,,,,,,,,,,,,,,,,,,
FL1,-,,auto,4,accumulator,1723311426051,1723311431198,5147,Train,How fast can you make... zo bananas?,3,zo,,,1,,,1,,,,,,,,,,,,,,,,,,,,,,,,
FL1,-,,auto,4,accumulator,1723311426051,1723311431339,5288,Train,How fast can you make... zo bananas?,3,zo,1,,1,,,2,,,,,,,,,,,,,,,,,,,,,,,,
FL1,-,,auto,4,accumulator,1723311426051,1723311431729,5678,Train,How fast can you make... zo bananas?,3,zo,2,,1,1,,2,,,,,,,,,,,,,,,,,,,,,,,,
FL1,-,,auto,4,accumulator,1723311426051,1723311432095,6044,Train,How fast can you make... zo bananas?,3,zo,2,,1,1,,3,,,,,,,,,,,,,,,,,,,,,,,,
FL1,-,,trial,4,trialsubmit,1723311426051,1723311432571,6520,Train,How fast can you make... zo bananas?,3,zo,3,,1,1,,3,,,,,,,,,,,,,,,,,,,,,,,,
FL1,-,,auto,5,accumulator,1723311432573,1723311437441,4868,Train,How fast can you make... gi banana?,1,gi,,,1,,,,,,,,,,,,,,,,,,,,,,,,,,,
FL1,-,,auto,5,accumulator,1723311432573,1723311437678,5105,Train,How fast can you make... gi banana?,1,gi,,,1,,,1,,,,,,,,,,,,,,,,,,,,,,,,
FL1,-,,trial,5,trialsubmit,1723311432573,1723311438039,5466,Train,How fast can you make... gi banana?,1,gi,1,,1,,,1,,,,,,,,,,,,,,,,,,,,,,,,
FL1,-,,auto,6,accumulator,1723311438043,1723311441928,3885,Train,How fast can you make... zo bananas?,3,zo,,,1,,,,,,,,,,,,,,,,,,,,,,,,,,,
FL1,-,,auto,6,accumulator,1723311438043,1723311442091,4048,Train,How fast can you make... zo bananas?,3,zo,,,2,,,,,,,,,,,,,,,,,,,,,,,,,,,
FL1,-,,auto,6,accumulator,1723311438043,1723311442246,4203,Train,How fast can you make... zo bananas?,3,zo,,,3,,,,,,,,,,,,,,,,,,,,,,,,,,,
FL1,-,,auto,6,accumulator,1723311438043,1723311442917,4874,Train,How fast can you make... zo bananas?,3,zo,,,3,,,1,,,,,,,,,,,,,,,,,,,,,,,,
FL1,-,,auto,6,accumulator,1723311438043,1723311443065,5022,Train,How fast can you make... zo bananas?,3,zo,1,,3,,,2,,,,,,,,,,,,,,,,,,,,,,,,
FL1,-,,auto,6,accumulator,1723311438043,1723311443221,5178,Train,How fast can you make... zo bananas?,3,zo,2,,3,,,3,,,,,,,,,,,,,,,,,,,,,,,,
FL1,-,,trial,6,trialsubmit,1723311438043,1723311443950,5907,Train,How fast can you make... zo bananas?,3,zo,3,,3,,,3,,,,,,,,,,,,,,,,,,,,,,,,
FL1,-,,auto,7,accumulator,1723311443952,1723311448810,4858,Train,How fast can you make... gi banana?,1,gi,,,,1,,,,,,,,,,,,,,,,,,,,,,,,,,
FL1,-,,auto,7,accumulator,1723311443952,1723311449104,5152,Train,How fast can you make... gi banana?,1,gi,,,,1,,1,,,,,,,,,,,,,,,,,,,,,,,,
FL1,-,,trial,7,trialsubmit,1723311443952,1723311449524,5572,Train,How fast can you make... gi banana?,1,gi,1,,,1,,1,,,,,,,,,,,,,,,,,,,,,,,,
FL1,-,,auto,8,accumulator,1723311449527,1723311465963,16436,Main,Another Monkey number is... zozo bananas.,6,zozo,,,,1,,,,,,,,,,,,,,,,,,,,,,,,,,
FL1,-,,auto,8,accumulator,1723311449527,1723311466147,16620,Main,Another Monkey number is... zozo bananas.,6,zozo,,,,1,,1,,,,,,,,,,,,,,,,,,,,,,,,
FL1,-,,auto,8,accumulator,1723311449527,1723311466403,16876,Main,Another Monkey number is... zozo bananas.,6,zozo,1,,,2,,1,,,,,,,,,,,,,,,,,,,,,,,,
FL1,-,,auto,8,accumulator,1723311449527,1723311466546,17019,Main,Another Monkey number is... zozo bananas.,6,zozo,1,,,2,,2,,,,,,,,,,,,,,,,,,,,,,,,
FL1,-,,auto,8,accumulator,1723311449527,1723311470976,21449,Main,Another Monkey number is... zozo bananas.,6,zozo,2,,,3,,2,,,,,,,,,,,,,,,,,,,,,,,,
FL1,-,,auto,8,accumulator,1723311449527,1723311471343,21816,Main,Another Monkey number is... zozo bananas.,6,zozo,2,,,3,,3,,,,,,,,,,,,,,,,,,,,,,,,
FL1,-,,auto,8,accumulator,1723311449527,1723311473327,23800,Main,Another Monkey number is... zozo bananas.,6,zozo,3,,,4,,3,,,,,,,,,,,,,,,,,,,,,,,,
FL1,-,,auto,8,accumulator,1723311449527,1723311473559,24032,Main,Another Monkey number is... zozo bananas.,6,zozo,3,,,4,,4,,,,,,,,,,,,,,,,,,,,,,,,
FL1,-,,auto,8,accumulator,1723311449527,1723311473807,24280,Main,Another Monkey number is... zozo bananas.,6,zozo,4,,,5,,4,,,,,,,,,,,,,,,,,,,,,,,,
FL1,-,,auto,8,accumulator,1723311449527,1723311473995,24468,Main,Another Monkey number is... zozo bananas.,6,zozo,4,,,5,,5,,,,,,,,,,,,,,,,,,,,,,,,
FL1,-,,auto,8,accumulator,1723311449527,1723311476484,26957,Main,Another Monkey number is... zozo bananas.,6,zozo,5,,,6,,5,,,,,,,,,,,,,,,,,,,,,,,,
FL1,-,,auto,8,accumulator,1723311449527,1723311476764,27237,Main,Another Monkey number is... zozo bananas.,6,zozo,5,,,6,,6,,,,,,,,,,,,,,,,,,,,,,,,
FL1,-,,trial,8,trialsubmit,1723311449527,1723311479943,30416,Main,Another Monkey number is... zozo bananas.,6,zozo,6,,,6,,6,,,,,,,,,,,,,,,,,,,,,,,,
FL1,-,,auto,9,accumulator,1723311479945,1723311497101,17156,Main,How fast can you make... zo bananas?,3,zo,,,1,,,,,,,,,,,,,,,,,,,,,,,,,,,
FL1,-,,auto,9,accumulator,1723311479945,1723311497273,17328,Main,How fast can you make... zo bananas?,3,zo,,,2,,,,,,,,,,,,,,,,,,,,,,,,,,,
FL1,-,,auto,9,accumulator,1723311479945,1723311497913,17968,Main,How fast can you make... zo bananas?,3,zo,,,3,,,,,,,,,,,,,,,,,,,,,,,,,,,
FL1,-,,auto,9,accumulator,1723311479945,1723311499214,19269,Main,How fast can you make... zo bananas?,3,zo,,,3,,,1,,,,,,,,,,,,,,,,,,,,,,,,
FL1,-,,auto,9,accumulator,1723311479945,1723311499376,19431,Main,How fast can you make... zo bananas?,3,zo,1,,3,,,2,,,,,,,,,,,,,,,,,,,,,,,,
FL1,-,,auto,9,accumulator,1723311479945,1723311499544,19599,Main,How fast can you make... zo bananas?,3,zo,2,,3,,,3,,,,,,,,,,,,,,,,,,,,,,,,
FL1,-,,trial,9,trialsubmit,1723311479945,1723311500011,20066,Main,How fast can you make... zo bananas?,3,zo,3,,3,,,3,,,,,,,,,,,,,,,,,,,,,,,,
FL1,-,,auto,10,accumulator,1723311500014,1723311508632,8618,Main,How fast can you make... gi banana?,1,gi,,,,1,,,,,,,,,,,,,,,,,,,,,,,,,,
FL1,-,,auto,10,accumulator,1723311500014,1723311508874,8860,Main,How fast can you make... gi banana?,1,gi,,,,1,,1,,,,,,,,,,,,,,,,,,,,,,,,
FL1,-,,trial,10,trialsubmit,1723311500014,1723311509286,9272,Main,How fast can you make... gi banana?,1,gi,1,,,1,,1,,,,,,,,,,,,,,,,,,,,,,,,
FL1,-,,auto,11,accumulator,1723311509289,1723311520781,11492,Main,Another Monkey number is... zogi bananas.,4,zogi,,,,1,,,,,,,,,,,,,,,,,,,,,,,,,,
FL1,-,,auto,11,accumulator,1723311509289,1723311521011,11722,Main,Another Monkey number is... zogi bananas.,4,zogi,,,,1,,1,,,,,,,,,,,,,,,,,,,,,,,,
FL1,-,,auto,11,accumulator,1723311509289,1723311526704,17415,Main,Another Monkey number is... zogi bananas.,4,zogi,1,,,1,,1,1,,,,,,,,,,,,,,,,,,,,,,,
FL1,-,,auto,11,accumulator,1723311509289,1723311526929,17640,Main,Another Monkey number is... zogi bananas.,4,zogi,2,,,1,,1,2,,,,,,,,,,,,,,,,,,,,,,,
FL1,-,,auto,11,accumulator,1723311509289,1723311527273,17984,Main,Another Monkey number is... zogi bananas.,4,zogi,3,,,1,,1,3,,,,,,,,,,,,,,,,,,,,,,,
FL1,-,,trial,11,trialsubmit,1723311509289,1723311528029,18740,Main,Another Monkey number is... zogi bananas.,4,zogi,4,,,1,,1,3,,,,,,,,,,,,,,,,,,,,,,,
FL1,-,,auto,12,accumulator,1723311528031,1723311537005,8974,Main,How fast can you make... zo bananas?,3,zo,,,1,,,,,,,,,,,,,,,,,,,,,,,,,,,
FL1,-,,auto,12,accumulator,1723311528031,1723311537154,9123,Main,How fast can you make... zo bananas?,3,zo,,,2,,,,,,,,,,,,,,,,,,,,,,,,,,,
FL1,-,,auto,12,accumulator,1723311528031,1723311537293,9262,Main,How fast can you make... zo bananas?,3,zo,,,3,,,,,,,,,,,,,,,,,,,,,,,,,,,
FL1,-,,auto,12,accumulator,1723311528031,1723311537646,9615,Main,How fast can you make... zo bananas?,3,zo,,,3,,,1,,,,,,,,,,,,,,,,,,,,,,,,
FL1,-,,auto,12,accumulator,1723311528031,1723311537805,9774,Main,How fast can you make... zo bananas?,3,zo,1,,3,,,2,,,,,,,,,,,,,,,,,,,,,,,,
FL1,-,,auto,12,accumulator,1723311528031,1723311537987,9956,Main,How fast can you make... zo bananas?,3,zo,2,,3,,,3,,,,,,,,,,,,,,,,,,,,,,,,
FL1,-,,trial,12,trialsubmit,1723311528031,1723311538390,10359,Main,How fast can you make... zo bananas?,3,zo,3,,3,,,3,,,,,,,,,,,,,,,,,,,,,,,,
FL1,-,,auto,13,accumulator,1723311538392,1723311543781,5389,Main,How fast can you make... gi banana?,1,gi,,,1,,,,,,,,,,,,,,,,,,,,,,,,,,,
FL1,-,,auto,13,accumulator,1723311538392,1723311543998,5606,Main,How fast can you make... gi banana?,1,gi,,,1,,,1,,,,,,,,,,,,,,,,,,,,,,,,
FL1,-,,trial,13,trialsubmit,1723311538392,1723311544395,6003,Main,How fast can you make... gi banana?,1,gi,1,,1,,,1,,,,,,,,,,,,,,,,,,,,,,,,
FL1,-,,auto,14,accumulator,1723311544397,1723311553470,9073,Main,Can you show me zogi bananas again?,4,zogi,,,,1,,,,,,,,,,,,,,,,,,,,,,,,,,
FL1,-,,auto,14,accumulator,1723311544397,1723311553653,9256,Main,Can you show me zogi bananas again?,4,zogi,,,,1,,1,,,,,,,,,,,,,,,,,,,,,,,,
FL1,-,,auto,14,accumulator,1723311544397,1723311553835,9438,Main,Can you show me zogi bananas again?,4,zogi,1,,,2,,1,,,,,,,,,,,,,,,,,,,,,,,,
FL1,-,,auto,14,accumulator,1723311544397,1723311553950,9553,Main,Can you show me zogi bananas again?,4,zogi,1,,,2,,2,,,,,,,,,,,,,,,,,,,,,,,,
FL1,-,,auto,14,accumulator,1723311544397,1723311554123,9726,Main,Can you show me zogi bananas again?,4,zogi,2,,,3,,2,,,,,,,,,,,,,,,,,,,,,,,,
FL1,-,,auto,14,accumulator,1723311544397,1723311554233,9836,Main,Can you show me zogi bananas again?,4,zogi,2,,,3,,3,,,,,,,,,,,,,,,,,,,,,,,,
FL1,-,,auto,14,accumulator,1723311544397,1723311554344,9947,Main,Can you show me zogi bananas again?,4,zogi,3,,,4,,3,,,,,,,,,,,,,,,,,,,,,,,,
FL1,-,,auto,14,accumulator,1723311544397,1723311555214,10817,Main,Can you show me zogi bananas again?,4,zogi,3,,,4,,4,,,,,,,,,,,,,,,,,,,,,,,,
FL1,-,,trial,14,trialsubmit,1723311544397,1723311555654,11257,Main,Can you show me zogi bananas again?,4,zogi,4,,,4,,4,,,,,,,,,,,,,,,,,,,,,,,,
FL1,-,,auto,15,accumulator,1723311555657,1723311565310,9653,Main,Can you show me zozo bananas again?,6,zozo,,,1,,,,,,,,,,,,,,,,,,,,,,,,,,,
FL1,-,,auto,15,accumulator,1723311555657,1723311565480,9823,Main,Can you show me zozo bananas again?,6,zozo,,,2,,,,,,,,,,,,,,,,,,,,,,,,,,,
FL1,-,,auto,15,accumulator,1723311555657,1723311565673,10016,Main,Can you show me zozo bananas again?,6,zozo,,,3,,,,,,,,,,,,,,,,,,,,,,,,,,,
FL1,-,,auto,15,accumulator,1723311555657,1723311565866,10209,Main,Can you show me zozo bananas again?,6,zozo,,,4,,,,,,,,,,,,,,,,,,,,,,,,,,,
FL1,-,,auto,15,accumulator,1723311555657,1723311566638,10981,Main,Can you show me zozo bananas again?,6,zozo,,,4,,,1,,,,,,,,,,,,,,,,,,,,,,,,
FL1,-,,auto,15,accumulator,1723311555657,1723311566826,11169,Main,Can you show me zozo bananas again?,6,zozo,1,,4,,,2,,,,,,,,,,,,,,,,,,,,,,,,
FL1,-,,auto,15,accumulator,1723311555657,1723311567030,11373,Main,Can you show me zozo bananas again?,6,zozo,2,,4,,,3,,,,,,,,,,,,,,,,,,,,,,,,
FL1,-,,auto,15,accumulator,1723311555657,1723311567238,11581,Main,Can you show me zozo bananas again?,6,zozo,3,,4,,,4,,,,,,,,,,,,,,,,,,,,,,,,
FL1,-,,auto,15,accumulator,1723311555657,1723311567739,12082,Main,Can you show me zozo bananas again?,6,zozo,4,,4,1,,4,,,,,,,,,,,,,,,,,,,,,,,,
FL1,-,,auto,15,accumulator,1723311555657,1723311568089,12432,Main,Can you show me zozo bananas again?,6,zozo,4,,4,1,,5,,,,,,,,,,,,,,,,,,,,,,,,
FL1,-,,auto,15,accumulator,1723311555657,1723311571001,15344,Main,Can you show me zozo bananas again?,6,zozo,5,,4,2,,5,,,,,,,,,,,,,,,,,,,,,,,,
FL1,-,,auto,15,accumulator,1723311555657,1723311571236,15579,Main,Can you show me zozo bananas again?,6,zozo,5,,4,2,,6,,,,,,,,,,,,,,,,,,,,,,,,
FL1,-,,auto,15,undo,1723311555657,1723311576793,21136,Main,Can you show me zozo bananas again?,6,zozo,6,,4,2,,5,,,,,,,,,,,,,,,,,,,,,,,,
FL1,-,,auto,15,undo,1723311555657,1723311576965,21308,Main,Can you show me zozo bananas again?,6,zozo,5,,4,2,,4,,,,,,,,,,,,,,,,,,,,,,,,
FL1,-,,auto,15,undo,1723311555657,1723311577070,21413,Main,Can you show me zozo bananas again?,6,zozo,4,,4,2,,3,,,,,,,,,,,,,,,,,,,,,,,,
FL1,-,,auto,15,accumulator,1723311555657,1723311577524,21867,Main,Can you show me zozo bananas again?,6,zozo,3,,4,2,,3,1,,,,,,,,,,,,,,,,,,,,,,,
FL1,-,,auto,15,accumulator,1723311555657,1723311577705,22048,Main,Can you show me zozo bananas again?,6,zozo,4,,4,2,,3,2,,,,,,,,,,,,,,,,,,,,,,,
FL1,-,,auto,15,accumulator,1723311555657,1723311577906,22249,Main,Can you show me zozo bananas again?,6,zozo,5,,4,2,,3,3,,,,,,,,,,,,,,,,,,,,,,,
FL1,-,,trial,15,trialsubmit,1723311555657,1723311578448,22791,Main,Can you show me zozo bananas again?,6,zozo,6,,4,2,,3,3,,,,,,,,,,,,,,,,,,,,,,,
FL1,-,,auto,16,accumulator,1723311578450,1723311600132,21682,Main,Giraffe: "Whats the number gi banana look like?",1,gi,,,,1,,,,,,,,,,,,,,,,,,,,,,,,,,
FL1,-,,auto,16,accumulator,1723311578450,1723311600407,21957,Main,Giraffe: "Whats the number gi banana look like?",1,gi,,,,1,,1,,,,,,,,,,,,,,,,,,,,,,,,
FL1,-,,trial,16,trialsubmit,1723311578450,1723311600811,22361,Main,Giraffe: "Whats the number gi banana look like?",1,gi,1,,,1,,1,,,,,,,,,,,,,,,,,,,,,,,,
FL1,-,,auto,17,accumulator,1723311600814,1723311607683,6869,Main,Giraffe: "Whats the number zo bananas look like?",3,zo,,,1,,,,,,,,,,,,,,,,,,,,,,,,,,,
FL1,-,,auto,17,accumulator,1723311600814,1723311607855,7041,Main,Giraffe: "Whats the number zo bananas look like?",3,zo,,,2,,,,,,,,,,,,,,,,,,,,,,,,,,,
FL1,-,,auto,17,accumulator,1723311600814,1723311608504,7690,Main,Giraffe: "Whats the number zo bananas look like?",3,zo,,,2,,,1,,,,,,,,,,,,,,,,,,,,,,,,
FL1,-,,auto,17,accumulator,1723311600814,1723311608641,7827,Main,Giraffe: "Whats the number zo bananas look like?",3,zo,1,,2,,,2,,,,,,,,,,,,,,,,,,,,,,,,
FL1,-,,auto,17,accumulator,1723311600814,1723311609165,8351,Main,Giraffe: "Whats the number zo bananas look like?",3,zo,2,,2,,,3,,,,,,,,,,,,,,,,,,,,,,,,
FL1,-,,auto,17,accumulator,1723311600814,1723311609357,8543,Main,Giraffe: "Whats the number zo bananas look like?",3,zo,3,,3,,,3,,,,,,,,,,,,,,,,,,,,,,,,
FL1,-,,trial,17,trialsubmit,1723311600814,1723311609878,9064,Main,Giraffe: "Whats the number zo bananas look like?",3,zo,3,,3,,,3,,,,,,,,,,,,,,,,,,,,,,,,
FL1,-,,auto,18,accumulator,1723311609881,1723311618071,8190,Main,Giraffe: "Whats the number zogi bananas look like?",4,zogi,,,1,,,,,,,,,,,,,,,,,,,,,,,,,,,
FL1,-,,auto,18,accumulator,1723311609881,1723311618210,8329,Main,Giraffe: "Whats the number zogi bananas look like?",4,zogi,,,2,,,,,,,,,,,,,,,,,,,,,,,,,,,
FL1,-,,auto,18,accumulator,1723311609881,1723311618531,8650,Main,Giraffe: "Whats the number zogi bananas look like?",4,zogi,,,2,,,1,,,,,,,,,,,,,,,,,,,,,,,,
FL1,-,,auto,18,accumulator,1723311609881,1723311618941,9060,Main,Giraffe: "Whats the number zogi bananas look like?",4,zogi,1,,2,1,,1,,,,,,,,,,,,,,,,,,,,,,,,
FL1,-,,auto,18,accumulator,1723311609881,1723311619243,9362,Main,Giraffe: "Whats the number zogi bananas look like?",4,zogi,1,,2,1,,2,,,,,,,,,,,,,,,,,,,,,,,,
FL1,-,,auto,18,accumulator,1723311609881,1723311619713,9832,Main,Giraffe: "Whats the number zogi bananas look like?",4,zogi,2,,2,1,,3,,,,,,,,,,,,,,,,,,,,,,,,
FL1,-,,auto,18,accumulator,1723311609881,1723311621650,11769,Main,Giraffe: "Whats the number zogi bananas look like?",4,zogi,3,,2,2,,3,,,,,,,,,,,,,,,,,,,,,,,,
FL1,-,,auto,18,accumulator,1723311609881,1723311621867,11986,Main,Giraffe: "Whats the number zogi bananas look like?",4,zogi,3,,2,2,,4,,,,,,,,,,,,,,,,,,,,,,,,
FL1,-,,trial,18,trialsubmit,1723311609881,1723311622267,12386,Main,Giraffe: "Whats the number zogi bananas look like?",4,zogi,4,,2,2,,4,,,,,,,,,,,,,,,,,,,,,,,,
FL1,-,,auto,19,accumulator,1723311622269,1723311629473,7204,Main,Giraffe: "Whats the number zozo bananas look like?",6,zozo,,,1,,,,,,,,,,,,,,,,,,,,,,,,,,,
FL1,-,,auto,19,accumulator,1723311622269,1723311629635,7366,Main,Giraffe: "Whats the number zozo bananas look like?",6,zozo,,,2,,,,,,,,,,,,,,,,,,,,,,,,,,,
FL1,-,,auto,19,accumulator,1723311622269,1723311629801,7532,Main,Giraffe: "Whats the number zozo bananas look like?",6,zozo,,,3,,,,,,,,,,,,,,,,,,,,,,,,,,,
FL1,-,,auto,19,accumulator,1723311622269,1723311630117,7848,Main,Giraffe: "Whats the number zozo bananas look like?",6,zozo,,,3,,,1,,,,,,,,,,,,,,,,,,,,,,,,
FL1,-,,auto,19,accumulator,1723311622269,1723311630305,8036,Main,Giraffe: "Whats the number zozo bananas look like?",6,zozo,1,,3,,,2,,,,,,,,,,,,,,,,,,,,,,,,
FL1,-,,auto,19,accumulator,1723311622269,1723311630501,8232,Main,Giraffe: "Whats the number zozo bananas look like?",6,zozo,2,,3,,,3,,,,,,,,,,,,,,,,,,,,,,,,
FL1,-,,active,19,save_button,1723311622269,1723311634146,11877,Main,Giraffe: "Whats the number zozo bananas look like?",6,zozo,3,,3,,,3,,,,,,,,,,,,,,,,,,,,,,,,
FL1,-,,auto,19,accumulator,1723311622269,1723311634727,12458,Main,Giraffe: "Whats the number zozo bananas look like?",6,zozo,3,,4,,,3,,,,,,,,,,,,,,,,,,,,,,,,
FL1,-,,auto,19,accumulator,1723311622269,1723311634881,12612,Main,Giraffe: "Whats the number zozo bananas look like?",6,zozo,3,,5,,,3,,,,,,,,,,,,,,,,,,,,,,,,
FL1,-,,auto,19,accumulator,1723311622269,1723311635040,12771,Main,Giraffe: "Whats the number zozo bananas look like?",6,zozo,3,,6,,,3,,,,,,,,,,,,,,,,,,,,,,,,
FL1,-,,auto,19,accumulator,1723311622269,1723311635408,13139,Main,Giraffe: "Whats the number zozo bananas look like?",6,zozo,3,,6,,,3,1,,,,,,,,,,,,,,,,,,,,,,,
FL1,-,,auto,19,accumulator,1723311622269,1723311635567,13298,Main,Giraffe: "Whats the number zozo bananas look like?",6,zozo,4,,6,,,3,2,,,,,,,,,,,,,,,,,,,,,,,
FL1,-,,auto,19,accumulator,1723311622269,1723311635732,13463,Main,Giraffe: "Whats the number zozo bananas look like?",6,zozo,5,,6,,,3,3,,,,,,,,,,,,,,,,,,,,,,,
FL1,-,,trial,19,trialsubmit,1723311622269,1723311636310,14041,Main,Giraffe: "Whats the number zozo bananas look like?",6,zozo,6,,6,,,3,3,,,,,,,,,,,,,,,,,,,,,,,
FL1,-,,auto,20,accumulator,1723311636313,1723311668702,32389,Main,Another Giraffe number is... three-two bananas.,5,three-two,,,1,,,,,,,,,,,,,,,,,,,,,,,,,,,
FL1,-,,auto,20,accumulator,1723311636313,1723311668864,32551,Main,Another Giraffe number is... three-two bananas.,5,three-two,,,2,,,,,,,,,,,,,,,,,,,,,,,,,,,
FL1,-,,auto,20,accumulator,1723311636313,1723311669016,32703,Main,Another Giraffe number is... three-two bananas.,5,three-two,,,3,,,,,,,,,,,,,,,,,,,,,,,,,,,
FL1,-,,auto,20,accumulator,1723311636313,1723311669377,33064,Main,Another Giraffe number is... three-two bananas.,5,three-two,,,3,,,1,,,,,,,,,,,,,,,,,,,,,,,,
FL1,-,,auto,20,accumulator,1723311636313,1723311669551,33238,Main,Another Giraffe number is... three-two bananas.,5,three-two,1,,3,,,2,,,,,,,,,,,,,,,,,,,,,,,,
FL1,-,,auto,20,accumulator,1723311636313,1723311669676,33363,Main,Another Giraffe number is... three-two bananas.,5,three-two,2,,3,,,3,,,,,,,,,,,,,,,,,,,,,,,,
FL1,-,,active,20,save_button,1723311636313,1723311670565,34252,Main,Another Giraffe number is... three-two bananas.,5,three-two,3,,3,,,3,,,,,,,,,,,,,,,,,,,,,,,,
FL1,-,,auto,20,undo,1723311636313,1723311673788,37475,Main,Another Giraffe number is... three-two bananas.,5,three-two,3,,3,,,2,,,,,,,,,,,,,,,,,,,,,,,,
FL1,-,,trial,20,trialsubmit,1723311636313,1723311674399,38086,Main,Another Giraffe number is... three-two bananas.,5,three-two,2,,3,,,2,,,,,,,,,,,,,,,,,,,,,,,,
FL1,-,,auto,21,accumulator,1723311674402,1723311682865,8463,Main,Another Giraffe number is... three-one bananas.,4,three-one,,,1,,,,,,,,,,,,,,,,,,,,,,,,,,,
FL1,-,,auto,21,accumulator,1723311674402,1723311683020,8618,Main,Another Giraffe number is... three-one bananas.,4,three-one,,,2,,,,,,,,,,,,,,,,,,,,,,,,,,,
FL1,-,,auto,21,accumulator,1723311674402,1723311683337,8935,Main,Another Giraffe number is... three-one bananas.,4,three-one,,,2,,,1,,,,,,,,,,,,,,,,,,,,,,,,
FL1,-,,auto,21,accumulator,1723311674402,1723311683495,9093,Main,Another Giraffe number is... three-one bananas.,4,three-one,1,,2,,,2,,,,,,,,,,,,,,,,,,,,,,,,
FL1,-,,auto,21,accumulator,1723311674402,1723311685296,10894,Main,Another Giraffe number is... three-one bananas.,4,three-one,2,,2,1,,2,,,,,,,,,,,,,,,,,,,,,,,,
FL1,-,,auto,21,accumulator,1723311674402,1723311685603,11201,Main,Another Giraffe number is... three-one bananas.,4,three-one,2,,2,1,,3,,,,,,,,,,,,,,,,,,,,,,,,
FL1,-,,active,21,save_button,1723311674402,1723311686499,12097,Main,Another Giraffe number is... three-one bananas.,4,three-one,3,,2,1,,3,,,,,,,,,,,,,,,,,,,,,,,,
FL1,-,,auto,21,accumulator,1723311674402,1723311688235,13833,Main,Another Giraffe number is... three-one bananas.,4,three-one,3,,3,1,,3,,,,,,,,,,,,,,,,,,,,,,,,
FL1,-,,auto,21,undo,1723311674402,1723311689334,14932,Main,Another Giraffe number is... three-one bananas.,4,three-one,3,,3,1,,2,,,,,,,,,,,,,,,,,,,,,,,,
FL1,-,,auto,21,undo,1723311674402,1723311689452,15050,Main,Another Giraffe number is... three-one bananas.,4,three-one,2,,3,1,,1,,,,,,,,,,,,,,,,,,,,,,,,
FL1,-,,active,21,save_button,1723311674402,1723311691738,17336,Main,Another Giraffe number is... three-one bananas.,4,three-one,1,,3,1,,1,,,,,,,,,,,,,,,,,,,,,,,,
FL1,-,,trial,21,trialsubmit,1723311674402,1723311692259,17857,Main,Another Giraffe number is... three-one bananas.,4,three-one,1,,3,1,,1,,,,,,,,,,,,,,,,,,,,,,,,
FL1,-,,auto,22,accumulator,1723311692262,1723311701145,8883,Main,Another Giraffe number is... three-three bananas.,6,three-three,,,1,,,,,,,,,,,,,,,,,,,,,,,,,,,
FL1,-,,auto,22,accumulator,1723311692262,1723311701312,9050,Main,Another Giraffe number is... three-three bananas.,6,three-three,,,2,,,,,,,,,,,,,,,,,,,,,,,,,,,
FL1,-,,auto,22,accumulator,1723311692262,1723311701463,9201,Main,Another Giraffe number is... three-three bananas.,6,three-three,,,3,,,,,,,,,,,,,,,,,,,,,,,,,,,
FL1,-,,auto,22,accumulator,1723311692262,1723311701838,9576,Main,Another Giraffe number is... three-three bananas.,6,three-three,,,3,,,1,,,,,,,,,,,,,,,,,,,,,,,,
FL1,-,,auto,22,accumulator,1723311692262,1723311702009,9747,Main,Another Giraffe number is... three-three bananas.,6,three-three,1,,3,,,2,,,,,,,,,,,,,,,,,,,,,,,,
FL1,-,,auto,22,accumulator,1723311692262,1723311702167,9905,Main,Another Giraffe number is... three-three bananas.,6,three-three,2,,3,,,3,,,,,,,,,,,,,,,,,,,,,,,,
FL1,-,,auto,22,accumulator,1723311692262,1723311707983,15721,Main,Another Giraffe number is... three-three bananas.,6,three-three,3,,4,,,3,,,,,,,,,,,,,,,,,,,,,,,,
FL1,-,,auto,22,accumulator,1723311692262,1723311708175,15913,Main,Another Giraffe number is... three-three bananas.,6,three-three,3,,5,,,3,,,,,,,,,,,,,,,,,,,,,,,,
FL1,-,,auto,22,accumulator,1723311692262,1723311708336,16074,Main,Another Giraffe number is... three-three bananas.,6,three-three,3,,6,,,3,,,,,,,,,,,,,,,,,,,,,,,,
FL1,-,,auto,22,accumulator,1723311692262,1723311708730,16468,Main,Another Giraffe number is... three-three bananas.,6,three-three,3,,6,,,3,1,,,,,,,,,,,,,,,,,,,,,,,
FL1,-,,auto,22,accumulator,1723311692262,1723311708932,16670,Main,Another Giraffe number is... three-three bananas.,6,three-three,4,,6,,,3,2,,,,,,,,,,,,,,,,,,,,,,,
FL1,-,,auto,22,accumulator,1723311692262,1723311709163,16901,Main,Another Giraffe number is... three-three bananas.,6,three-three,5,,6,,,3,3,,,,,,,,,,,,,,,,,,,,,,,
FL1,-,,trial,22,trialsubmit,1723311692262,1723311723578,31316,Main,Another Giraffe number is... three-three bananas.,6,three-three,6,,6,,,3,3,,,,,,,,,,,,,,,,,,,,,,,